{
  "accuracy": 0.9940476190476191,
  "precision": 0.9945824824143408,
  "recall": 0.9925213675213675,
  "f1": 0.9935285882699676,
  "f1_weighted": 0.994039332846804
}