{
  "accuracy": 0.9861111111111112,
  "precision": 0.98487729964219,
  "recall": 0.9775641025641025,
  "f1": 0.9805895832675409,
  "f1_weighted": 0.985876836126785
}