{
  "train_losses": [
    0.44719448590929917,
    0.08439157751141763,
    0.030575023197448578,
    0.05812472028999913
  ],
  "val_losses": [
    0.1182085052569164,
    0.1353715819568606,
    0.10690410487040936,
    0.13739331245528774
  ],
  "train_f1s": [
    0.7947695574983511,
    0.9758225994864594,
    0.9906028488247545,
    0.9849285500698399
  ],
  "val_f1s": [
    0.9565771675318676,
    0.946662924356019,
    0.9679035656836925,
    0.9464909053315251
  ],
  "train_accs": [
    0.8334752981260647,
    0.9799829642248722,
    0.9923339011925043,
    0.9872231686541738
  ],
  "val_accs": [
    0.9642147117296223,
    0.9602385685884692,
    0.9761431411530815,
    0.9622266401590457
  ],
  "best_f1": 0.9679035656836925
}